<?xml version="1.0" encoding="UTF-8" ?>
<!DOCTYPE mapper PUBLIC "-//mybatis.org//DTD Mapper 3.0//EN" "http://mybatis.org/dtd/mybatis-3-mapper.dtd" >
<!--java.util.HashMap-->
<mapper namespace="com.ecity.dao.buildinggeoMapper" >
  <resultMap id="BaseResultMap" type="java.util.HashMap" >
    <result  column="GEOID" property="geoid" jdbcType= "NVARCHAR"/>
    <result  column="BUILDINGID" property="buildingid" jdbcType= "NVARCHAR"/>
    <result  column="STATE" property="state" jdbcType= "NVARCHAR"/>
    <result  column="ADDRCODE" property="addrcode" jdbcType= "NVARCHAR"/>
     <result column="X" property="x" jdbcType="NVARCHAR" />
     <result column="Y" property="y" jdbcType="NVARCHAR" />
  </resultMap>
</mapper>